{"train_Loss": 75.17502847997153, "val_Loss": 606.6380909272355, "_timestamp": 1670464854.840765, "_runtime": 2862.785064935684, "_step": 499, "test_L1_Loss": 23.64726448059082, "test_MSE_Loss": 1128.6810302734375, "_wandb": {"runtime": 2821}}